{
  "count": 3,
  "dim": 512,
  "labels": {
    "wendy": {
      "count": 3,
      "mean": [
        -0.06748440116643906,
        0.024332433938980103,
        0.0781872421503067,
        0.0036521009169518948,
        -0.027770036831498146,
        0.003464682959020138,
        0.04972672462463379,
        -0.021813521161675453,
        0.02162032015621662,
        0.05722106248140335,
        -0.005421129055321217,
        -0.002010124269872904,
        -0.05476931482553482,
        0.0360298715531826,
        0.02926209196448326,
        -0.012814724817872047,
        -0.03755202516913414,
        0.05910201370716095,
        0.010016988031566143,
        0.04369565472006798,
        -0.03635357692837715,
        0.002199397888034582,
        0.007235451135784388,
        0.009983621537685394,
        0.019452586770057678,
        0.01789872720837593,
        0.05197366327047348,
        -0.0377519354224205,
        0.028588896617293358,
        -0.03155058994889259,
        -0.06320413947105408,
        -0.003474087454378605,
        0.0070187365636229515,
        -0.04603108763694763,
        0.007378052920103073,
        -0.02938547357916832,
        0.026130102574825287,
        0.008811096660792828,
        0.02344273403286934,
        -0.025782501325011253,
        -0.11162572354078293,
        -0.012728827074170113,
        -0.005587302148342133,
        0.039186619222164154,
        0.021016759797930717,
        -0.06575869768857956,
        0.05186228081583977,
        -0.044836100190877914,
        -0.05473359301686287,
        -0.09096726030111313,
        -0.03358069062232971,
        0.01496232207864523,
        0.008506105281412601,
        -0.0012830646010115743,
        -0.07950539141893387,
        0.006165941711515188,
        -0.00655253604054451,
        0.05818681791424751,
        0.0858074501156807,
        -0.001092035323381424,
        -0.02125968039035797,
        0.015312697738409042,
        -0.0071690138429403305,
        0.09567559510469437,
        0.010970807634294033,
        -0.06559094041585922,
        -0.0191892571747303,
        -0.047256119549274445,
        0.07756930589675903,
        -0.015294412150979042,
        0.02997693046927452,
        -0.018213456496596336,
        0.004749922547489405,
        -0.049476418644189835,
        0.031477026641368866,
        -0.012571217492222786,
        -0.03657178580760956,
        0.0613955557346344,
        0.023603569716215134,
        -0.019427230581641197,
        -0.03858547657728195,
        -0.04653364047408104,
        -0.03720410168170929,
        -0.04209079593420029,
        0.046160273253917694,
        -0.017430298030376434,
        0.03449700027704239,
        0.004637896083295345,
        -0.0039790901355445385,
        0.04239855706691742,
        0.01608455181121826,
        0.033458493649959564,
        -0.02982162870466709,
        0.011328206397593021,
        -0.014907746575772762,
        -0.022224094718694687,
        -0.08813071250915527,
        0.015381768345832825,
        0.008290326222777367,
        -0.05075651779770851,
        0.02480826899409294,
        -0.04508513584733009,
        0.06811830401420593,
        -0.12321628630161285,
        0.08284631371498108,
        0.00920017808675766,
        -0.003296752693131566,
        -0.04775872454047203,
        -0.022632848471403122,
        0.005788815673440695,
        0.06262996047735214,
        0.0007025060476735234,
        0.027276374399662018,
        0.0023693081457167864,
        -0.04878133162856102,
        -0.010990437120199203,
        0.017719769850373268,
        -0.05158537998795509,
        -0.0227409228682518,
        0.11028837412595749,
        0.046437859535217285,
        -0.01837652549147606,
        -0.00853636022657156,
        -0.005690593272447586,
        -0.020745715126395226,
        -0.019475305452942848,
        0.07766182720661163,
        -0.033449575304985046,
        -0.028375577181577682,
        0.002749335253611207,
        -0.06816794723272324,
        0.015523095615208149,
        0.0018014080123975873,
        -0.04776785895228386,
        0.07401824742555618,
        0.010889686644077301,
        -0.017216837033629417,
        -0.03134689852595329,
        0.022794712334871292,
        0.04368385672569275,
        -0.027441496029496193,
        -0.0007467385730706155,
        0.06715277582406998,
        -0.02678537555038929,
        0.018996944651007652,
        -0.04871559888124466,
        0.007249163929373026,
        -0.016279956325888634,
        -0.0013376829447224736,
        0.008690140210092068,
        -0.058658577501773834,
        -0.02248108945786953,
        -0.019464628770947456,
        -0.05590862035751343,
        0.07373920828104019,
        -0.020484797656536102,
        0.05617380142211914,
        -0.04487300291657448,
        -0.025235647335648537,
        -0.04145731404423714,
        -0.028099484741687775,
        -0.0005055507062934339,
        -0.06367811560630798,
        -0.015869267284870148,
        -0.0044686575420200825,
        0.052987854927778244,
        -0.08807729184627533,
        -0.02904757484793663,
        -0.008364503271877766,
        -0.03287040442228317,
        -0.029253527522087097,
        -0.004105330910533667,
        -0.03511617332696915,
        -0.004342430736869574,
        -0.04852757975459099,
        -0.02847445383667946,
        -0.057318784296512604,
        -0.006461759097874165,
        0.0013748370110988617,
        -0.003032919019460678,
        -0.0014812719309702516,
        0.07415533810853958,
        0.027526777237653732,
        0.019862961024045944,
        -0.0013741140719503164,
        -0.010319692082703114,
        -0.047960225492715836,
        0.0409383587539196,
        0.08459558337926865,
        0.04332895204424858,
        -0.019336534664034843,
        -0.027703026309609413,
        -0.011577900499105453,
        0.1038522869348526,
        0.022836411371827126,
        -0.0001873655419331044,
        -0.05807403102517128,
        0.0618734210729599,
        -0.019184572622179985,
        -0.007830242626369,
        0.041595105081796646,
        0.018856525421142578,
        0.027252519503235817,
        -0.05786487087607384,
        -0.010229620151221752,
        -0.030635040253400803,
        -0.00013766251504421234,
        -0.03224438056349754,
        -0.03377167135477066,
        0.014832629822194576,
        0.09798315167427063,
        0.04823636636137962,
        0.01457887887954712,
        0.02912510558962822,
        0.021782882511615753,
        0.020953606814146042,
        0.04196586087346077,
        0.0062939138151705265,
        -0.050399936735630035,
        0.026294946670532227,
        0.03578756004571915,
        0.007348797284066677,
        -0.007301919627934694,
        0.035001449286937714,
        -0.024337569251656532,
        -0.11176370084285736,
        0.12591570615768433,
        -0.07197817414999008,
        3.757817830774002e-05,
        0.031019140034914017,
        0.08199720829725266,
        -0.014271480962634087,
        0.06989001482725143,
        0.06645680963993073,
        0.026908067986369133,
        0.05359251797199249,
        -0.03782789409160614,
        0.08521459996700287,
        -0.05400494113564491,
        0.011476968415081501,
        0.005426442250609398,
        0.023151682689785957,
        0.0170279610902071,
        -0.0032800445333123207,
        -0.02675030566751957,
        -0.06671847403049469,
        0.030388755723834038,
        0.010052713565528393,
        -0.1007479578256607,
        -0.01808774098753929,
        0.03081071376800537,
        -0.0202721506357193,
        0.022691801190376282,
        0.030304159969091415,
        0.009591570124030113,
        0.13912877440452576,
        0.0537114292383194,
        -0.01380883064121008,
        0.024532528594136238,
        -0.06940479576587677,
        -0.0299859419465065,
        0.05261386185884476,
        -0.06725581735372543,
